-- phpMyAdmin SQL Dump
-- version 4.1.14
-- http://www.phpmyadmin.net
--
-- Host: 127.0.0.1
-- Generation Time: Feb 28, 2016 at 02:38 AM
-- Server version: 5.6.17
-- PHP Version: 5.5.12

SET SQL_MODE = "NO_AUTO_VALUE_ON_ZERO";
SET time_zone = "+00:00";


/*!40101 SET @OLD_CHARACTER_SET_CLIENT=@@CHARACTER_SET_CLIENT */;
/*!40101 SET @OLD_CHARACTER_SET_RESULTS=@@CHARACTER_SET_RESULTS */;
/*!40101 SET @OLD_COLLATION_CONNECTION=@@COLLATION_CONNECTION */;
/*!40101 SET NAMES utf8 */;

--
-- Database: `inspection_appdb`
--

-- --------------------------------------------------------

--
-- Table structure for table `ci_sessions`
--

CREATE TABLE IF NOT EXISTS `ci_sessions` (
  `id` varchar(40) NOT NULL,
  `ip_address` varchar(45) NOT NULL,
  `timestamp` int(10) unsigned NOT NULL DEFAULT '0',
  `data` blob NOT NULL,
  PRIMARY KEY (`id`),
  KEY `ci_sessions_timestamp` (`timestamp`)
) ENGINE=InnoDB DEFAULT CHARSET=latin1;

--
-- Dumping data for table `ci_sessions`
--

INSERT INTO `ci_sessions` (`id`, `ip_address`, `timestamp`, `data`) VALUES
('024c6c0c0d31f65f43a32c685202f3285c81e8f5', '192.168.8.105', 1456567427, 0x5f5f63695f6c6173745f726567656e65726174657c693a313435363536373432373b757365725f69647c733a333a22353535223b757365725f757365726e616d657c733a353a226a616e6573223b757365725f66697273746e616d657c733a363a2253616e746f73223b757365725f6c6173746e616d657c733a343a224a616e65223b757365725f656d61696c7c733a31343a226a616e6540676d61696c2e636f6d223b757365725f706f736974696f6e7c733a32333a224172636869746563747572616c20496e73706563746f72223b69735f6c6f676765645f696e7c623a313b),
('03dd3d7805249d6cece81a63dcade2ec59991711', '::1', 1456565701, 0x5f5f63695f6c6173745f726567656e65726174657c693a313435363536353631373b757365725f69647c733a333a22353138223b757365725f757365726e616d657c733a373a2272696368617264223b757365725f66697273746e616d657c733a373a2252696368617264223b757365725f6c6173746e616d657c733a373a2245737472616461223b757365725f656d61696c7c733a31373a226573747261646140676d61696c2e636f6d223b757365725f706f736974696f6e7c733a31333a2241646d696e6973747261746f72223b69735f6c6f676765645f696e7c623a313b),
('0730892967836eb2cf1dbc5ed878d8872b98082e', '::1', 1456543319, 0x5f5f63695f6c6173745f726567656e65726174657c693a313435363534333136313b757365725f69647c733a333a22353138223b757365725f757365726e616d657c733a373a2272696368617264223b757365725f66697273746e616d657c733a373a2252696368617264223b757365725f6c6173746e616d657c733a373a2245737472616461223b757365725f656d61696c7c733a31373a226573747261646140676d61696c2e636f6d223b757365725f706f736974696f6e7c733a31333a2241646d696e6973747261746f72223b69735f6c6f676765645f696e7c623a313b),
('0be015fc285f479aec37e5c37ad3c36aae8c04bd', '192.168.8.101', 1456565929, 0x5f5f63695f6c6173745f726567656e65726174657c693a313435363536353638373b757365725f69647c733a333a22353535223b757365725f757365726e616d657c733a353a226a616e6573223b757365725f66697273746e616d657c733a363a2253616e746f73223b757365725f6c6173746e616d657c733a343a224a616e65223b757365725f656d61696c7c733a31343a226a616e6540676d61696c2e636f6d223b757365725f706f736974696f6e7c733a32333a224172636869746563747572616c20496e73706563746f72223b69735f6c6f676765645f696e7c623a313b),
('1124bd1bd6f2eddb9431f3692c0f9eea1cbba201', '::1', 1456567918, 0x5f5f63695f6c6173745f726567656e65726174657c693a313435363536373834303b757365725f69647c733a333a22353138223b757365725f757365726e616d657c733a373a2272696368617264223b757365725f66697273746e616d657c733a373a2252696368617264223b757365725f6c6173746e616d657c733a373a2245737472616461223b757365725f656d61696c7c733a31373a226573747261646140676d61696c2e636f6d223b757365725f706f736974696f6e7c733a31333a2241646d696e6973747261746f72223b69735f6c6f676765645f696e7c623a313b),
('184699ad488b975a9a0721525ba76ba10858262b', '::1', 1456587458, 0x5f5f63695f6c6173745f726567656e65726174657c693a313435363538373435373b757365725f69647c733a333a22353138223b757365725f757365726e616d657c733a373a2272696368617264223b757365725f66697273746e616d657c733a373a2252696368617264223b757365725f6c6173746e616d657c733a373a2245737472616461223b757365725f656d61696c7c733a31373a226573747261646140676d61696c2e636f6d223b757365725f706f736974696f6e7c733a31333a2241646d696e6973747261746f72223b69735f6c6f676765645f696e7c623a313b),
('1f6ddf38c72f86ae858e8676172d0d0898a78331', '192.168.8.102', 1456565832, 0x5f5f63695f6c6173745f726567656e65726174657c693a313435363536353637363b757365725f69647c733a333a22353139223b757365725f757365726e616d657c733a353a226a616d6573223b757365725f66697273746e616d657c733a363a2252616e69646f223b757365725f6c6173746e616d657c733a353a224a616d6573223b757365725f656d61696c7c733a31353a226a616d657340676d61696c2e636f6d223b757365725f706f736974696f6e7c733a32313a22456c656374726f6e69637320496e73706563746f72223b69735f6c6f676765645f696e7c623a313b),
('226508a6d024a4bd8df945124aec55044c745347', '192.168.8.101', 1456548964, 0x5f5f63695f6c6173745f726567656e65726174657c693a313435363534383936323b757365725f69647c733a333a22353139223b757365725f757365726e616d657c733a353a226a616d6573223b757365725f66697273746e616d657c733a363a2252616e69646f223b757365725f6c6173746e616d657c733a353a224a616d6573223b757365725f656d61696c7c733a31353a226a616d657340676d61696c2e636f6d223b757365725f706f736974696f6e7c733a32313a22456c656374726f6e69637320496e73706563746f72223b69735f6c6f676765645f696e7c623a313b),
('3604c7d2ecc061de6f3fb19bff8dd563e4128786', '::1', 1456567072, 0x5f5f63695f6c6173745f726567656e65726174657c693a313435363536363834383b757365725f69647c733a333a22353138223b757365725f757365726e616d657c733a373a2272696368617264223b757365725f66697273746e616d657c733a373a2252696368617264223b757365725f6c6173746e616d657c733a373a2245737472616461223b757365725f656d61696c7c733a31373a226573747261646140676d61696c2e636f6d223b757365725f706f736974696f6e7c733a31333a2241646d696e6973747261746f72223b69735f6c6f676765645f696e7c623a313b),
('39f9cc0f36644b591c1d4f1bf086893f92ac792e', '192.168.8.100', 1456555763, 0x5f5f63695f6c6173745f726567656e65726174657c693a313435363535353736333b),
('3d74535bd05fd472370ac5858daf26b521897aea', '192.168.8.100', 1456543357, 0x5f5f63695f6c6173745f726567656e65726174657c693a313435363534333335373b),
('407a8b6d548dbed2fcafeb06d39cc91da46c0cd9', '192.168.8.101', 1456566201, 0x5f5f63695f6c6173745f726567656e65726174657c693a313435363536363031303b757365725f69647c733a333a22353535223b757365725f757365726e616d657c733a353a226a616e6573223b757365725f66697273746e616d657c733a363a2253616e746f73223b757365725f6c6173746e616d657c733a343a224a616e65223b757365725f656d61696c7c733a31343a226a616e6540676d61696c2e636f6d223b757365725f706f736974696f6e7c733a32333a224172636869746563747572616c20496e73706563746f72223b69735f6c6f676765645f696e7c623a313b),
('44557108cb7e3dee3a18433ae4b54c3daa96a896', '192.168.8.100', 1456555719, 0x5f5f63695f6c6173745f726567656e65726174657c693a313435363535353731393b),
('44e11234755fed673c97e588e917950ad54e3ea2', '::1', 1456580536, 0x5f5f63695f6c6173745f726567656e65726174657c693a313435363538303235343b757365725f69647c733a333a22353138223b757365725f757365726e616d657c733a373a2272696368617264223b757365725f66697273746e616d657c733a373a2252696368617264223b757365725f6c6173746e616d657c733a373a2245737472616461223b757365725f656d61696c7c733a31373a226573747261646140676d61696c2e636f6d223b757365725f706f736974696f6e7c733a31333a2241646d696e6973747261746f72223b69735f6c6f676765645f696e7c623a313b),
('4944c67eb83aeededa893f8bea65523cd87fc4f6', '::1', 1456580697, 0x5f5f63695f6c6173745f726567656e65726174657c693a313435363538303639373b757365725f69647c733a333a22353138223b757365725f757365726e616d657c733a373a2272696368617264223b757365725f66697273746e616d657c733a373a2252696368617264223b757365725f6c6173746e616d657c733a373a2245737472616461223b757365725f656d61696c7c733a31373a226573747261646140676d61696c2e636f6d223b757365725f706f736974696f6e7c733a31333a2241646d696e6973747261746f72223b69735f6c6f676765645f696e7c623a313b),
('4f1792ca110a7106f44c27d407e9416fb274bde2', '::1', 1456554675, 0x5f5f63695f6c6173745f726567656e65726174657c693a313435363535343637353b),
('5140956452bd6421dfbb0570103d607a5afa189e', '::1', 1456579306, 0x5f5f63695f6c6173745f726567656e65726174657c693a313435363537393330353b757365725f69647c733a333a22353138223b757365725f757365726e616d657c733a373a2272696368617264223b757365725f66697273746e616d657c733a373a2252696368617264223b757365725f6c6173746e616d657c733a373a2245737472616461223b757365725f656d61696c7c733a31373a226573747261646140676d61696c2e636f6d223b757365725f706f736974696f6e7c733a31333a2241646d696e6973747261746f72223b69735f6c6f676765645f696e7c623a313b),
('52a59fcb5ef39563941c503b6979753e9adc4d94', '::1', 1456588215, 0x5f5f63695f6c6173745f726567656e65726174657c693a313435363538373932333b757365725f69647c733a333a22353138223b757365725f757365726e616d657c733a373a2272696368617264223b757365725f66697273746e616d657c733a373a2252696368617264223b757365725f6c6173746e616d657c733a373a2245737472616461223b757365725f656d61696c7c733a31373a226573747261646140676d61696c2e636f6d223b757365725f706f736974696f6e7c733a31333a2241646d696e6973747261746f72223b69735f6c6f676765645f696e7c623a313b),
('567245f14e5c4681cef0c044951af1852fa230df', '192.168.8.100', 1456555693, 0x5f5f63695f6c6173745f726567656e65726174657c693a313435363535353639333b),
('57e3f418f5abfdf423dce1ce689f606a9c061f72', '192.168.8.101', 1456548964, 0x5f5f63695f6c6173745f726567656e65726174657c693a313435363534383936323b757365725f69647c733a333a22353139223b757365725f757365726e616d657c733a353a226a616d6573223b757365725f66697273746e616d657c733a363a2252616e69646f223b757365725f6c6173746e616d657c733a353a224a616d6573223b757365725f656d61696c7c733a31353a226a616d657340676d61696c2e636f6d223b757365725f706f736974696f6e7c733a32313a22456c656374726f6e69637320496e73706563746f72223b69735f6c6f676765645f696e7c623a313b),
('57f9f5071608b863b1c0e534f8e68f248d378667', '192.168.8.100', 1456555726, 0x5f5f63695f6c6173745f726567656e65726174657c693a313435363535353732363b),
('5bc42d60c69174c27fa28854d4e8ded734f9c306', '192.168.8.100', 1456555714, 0x5f5f63695f6c6173745f726567656e65726174657c693a313435363535353731343b),
('5da69e2dc147e3d1187f855c9e23619d5e9350c4', '192.168.8.104', 1456567386, 0x5f5f63695f6c6173745f726567656e65726174657c693a313435363536373132393b757365725f69647c733a333a22353139223b757365725f757365726e616d657c733a353a226a616d6573223b757365725f66697273746e616d657c733a363a2252616e69646f223b757365725f6c6173746e616d657c733a353a224a616d6573223b757365725f656d61696c7c733a31353a226a616d657340676d61696c2e636f6d223b757365725f706f736974696f6e7c733a32313a22456c656374726f6e69637320496e73706563746f72223b69735f6c6f676765645f696e7c623a313b),
('62ee7405d6dfebd61c3542f2ed50d8d8876cbc19', '192.168.8.101', 1456548964, 0x5f5f63695f6c6173745f726567656e65726174657c693a313435363534383936323b757365725f69647c733a333a22353139223b757365725f757365726e616d657c733a353a226a616d6573223b757365725f66697273746e616d657c733a363a2252616e69646f223b757365725f6c6173746e616d657c733a353a224a616d6573223b757365725f656d61696c7c733a31353a226a616d657340676d61696c2e636f6d223b757365725f706f736974696f6e7c733a32313a22456c656374726f6e69637320496e73706563746f72223b69735f6c6f676765645f696e7c623a313b),
('656edb84d382c8e4b23878deb0116f1d68db8907', '192.168.8.102', 1456554635, 0x5f5f63695f6c6173745f726567656e65726174657c693a313435363535343335343b757365725f69647c733a333a22353139223b757365725f757365726e616d657c733a353a226a616d6573223b757365725f66697273746e616d657c733a363a2252616e69646f223b757365725f6c6173746e616d657c733a353a224a616d6573223b757365725f656d61696c7c733a31353a226a616d657340676d61696c2e636f6d223b757365725f706f736974696f6e7c733a32313a22456c656374726f6e69637320496e73706563746f72223b69735f6c6f676765645f696e7c623a313b),
('66b2cd66324bc5bad4c3b3f5d044ffc7916460c8', '::1', 1456563211, 0x5f5f63695f6c6173745f726567656e65726174657c693a313435363536333230393b),
('6ff3649c6d97cb7222c46144144ba538862bab18', '::1', 1456566543, 0x5f5f63695f6c6173745f726567656e65726174657c693a313435363536363438343b757365725f69647c733a333a22353138223b757365725f757365726e616d657c733a373a2272696368617264223b757365725f66697273746e616d657c733a373a2252696368617264223b757365725f6c6173746e616d657c733a373a2245737472616461223b757365725f656d61696c7c733a31373a226573747261646140676d61696c2e636f6d223b757365725f706f736974696f6e7c733a31333a2241646d696e6973747261746f72223b69735f6c6f676765645f696e7c623a313b),
('7341f42dfb524b6fc8133ccec51df9e3eaaf50af', '::1', 1456588744, 0x5f5f63695f6c6173745f726567656e65726174657c693a313435363538383634333b757365725f69647c733a333a22353138223b757365725f757365726e616d657c733a373a2272696368617264223b757365725f66697273746e616d657c733a373a2252696368617264223b757365725f6c6173746e616d657c733a373a2245737472616461223b757365725f656d61696c7c733a31373a226573747261646140676d61696c2e636f6d223b757365725f706f736974696f6e7c733a31333a2241646d696e6973747261746f72223b69735f6c6f676765645f696e7c623a313b),
('78dcc26d2d0d87f45bf56327d9b40e1e5b1a69e6', '192.168.8.101', 1456566369, 0x5f5f63695f6c6173745f726567656e65726174657c693a313435363536363336393b757365725f69647c733a333a22353535223b757365725f757365726e616d657c733a353a226a616e6573223b757365725f66697273746e616d657c733a363a2253616e746f73223b757365725f6c6173746e616d657c733a343a224a616e65223b757365725f656d61696c7c733a31343a226a616e6540676d61696c2e636f6d223b757365725f706f736974696f6e7c733a32333a224172636869746563747572616c20496e73706563746f72223b69735f6c6f676765645f696e7c623a313b),
('7ddbe1408fca0412b251e1af81f4b1091d275288', '::1', 1456579958, 0x5f5f63695f6c6173745f726567656e65726174657c693a313435363537393837383b757365725f69647c733a333a22353138223b757365725f757365726e616d657c733a373a2272696368617264223b757365725f66697273746e616d657c733a373a2252696368617264223b757365725f6c6173746e616d657c733a373a2245737472616461223b757365725f656d61696c7c733a31373a226573747261646140676d61696c2e636f6d223b757365725f706f736974696f6e7c733a31333a2241646d696e6973747261746f72223b69735f6c6f676765645f696e7c623a313b),
('7f3e416c55598f8209b50e7b75d07706ce5e85ae', '::1', 1456565305, 0x5f5f63695f6c6173745f726567656e65726174657c693a313435363536343432383b757365725f69647c733a333a22353138223b757365725f757365726e616d657c733a373a2272696368617264223b757365725f66697273746e616d657c733a373a2252696368617264223b757365725f6c6173746e616d657c733a373a2245737472616461223b757365725f656d61696c7c733a31373a226573747261646140676d61696c2e636f6d223b757365725f706f736974696f6e7c733a31333a2241646d696e6973747261746f72223b69735f6c6f676765645f696e7c623a313b),
('804e57f87ec99cecf329766885b33ef528b537cd', '192.168.8.102', 1456554298, 0x5f5f63695f6c6173745f726567656e65726174657c693a313435363535343033343b757365725f69647c733a333a22353139223b757365725f757365726e616d657c733a353a226a616d6573223b757365725f66697273746e616d657c733a363a2252616e69646f223b757365725f6c6173746e616d657c733a353a224a616d6573223b757365725f656d61696c7c733a31353a226a616d657340676d61696c2e636f6d223b757365725f706f736974696f6e7c733a32313a22456c656374726f6e69637320496e73706563746f72223b69735f6c6f676765645f696e7c623a313b),
('82129925b08e2b20d7a497b68ff5790f8e36367a', '::1', 1456565454, 0x5f5f63695f6c6173745f726567656e65726174657c693a313435363536353330353b757365725f69647c733a333a22353138223b757365725f757365726e616d657c733a373a2272696368617264223b757365725f66697273746e616d657c733a373a2252696368617264223b757365725f6c6173746e616d657c733a373a2245737472616461223b757365725f656d61696c7c733a31373a226573747261646140676d61696c2e636f6d223b757365725f706f736974696f6e7c733a31333a2241646d696e6973747261746f72223b69735f6c6f676765645f696e7c623a313b),
('83e855f3ba0fbb742dd67852ca9d72c22cac2f4d', '192.168.8.102', 1456567331, 0x5f5f63695f6c6173745f726567656e65726174657c693a313435363536373037393b757365725f69647c733a333a22353333223b757365725f757365726e616d657c733a343a226b657478223b757365725f66697273746e616d657c733a353a2248617a656c223b757365725f6c6173746e616d657c733a343a224b657478223b757365725f656d61696c7c733a31353a22676466676440676d61696c2e636f6d223b757365725f706f736974696f6e7c733a32333a224172636869746563747572616c20496e73706563746f72223b69735f6c6f676765645f696e7c623a313b),
('878f395b1f68fa499e1c469130ca650e58026a1f', '192.168.8.101', 1456567350, 0x5f5f63695f6c6173745f726567656e65726174657c693a313435363536373335303b757365725f69647c733a333a22353535223b757365725f757365726e616d657c733a353a226a616e6573223b757365725f66697273746e616d657c733a363a2253616e746f73223b757365725f6c6173746e616d657c733a343a224a616e65223b757365725f656d61696c7c733a31343a226a616e6540676d61696c2e636f6d223b757365725f706f736974696f6e7c733a32333a224172636869746563747572616c20496e73706563746f72223b69735f6c6f676765645f696e7c623a313b),
('8fceb0f7adf98006ad59e13a77f19159aadc3a71', '192.168.8.102', 1456566564, 0x5f5f63695f6c6173745f726567656e65726174657c693a313435363536363531363b757365725f69647c733a333a22353139223b757365725f757365726e616d657c733a353a226a616d6573223b757365725f66697273746e616d657c733a363a2252616e69646f223b757365725f6c6173746e616d657c733a353a224a616d6573223b757365725f656d61696c7c733a31353a226a616d657340676d61696c2e636f6d223b757365725f706f736974696f6e7c733a32313a22456c656374726f6e69637320496e73706563746f72223b69735f6c6f676765645f696e7c623a313b),
('923a014c496c084c7a31862c48db54ed40d37175', '192.168.8.102', 1456567416, 0x5f5f63695f6c6173745f726567656e65726174657c693a313435363536373431363b757365725f69647c733a333a22353333223b757365725f757365726e616d657c733a343a226b657478223b757365725f66697273746e616d657c733a353a2248617a656c223b757365725f6c6173746e616d657c733a343a224b657478223b757365725f656d61696c7c733a31353a22676466676440676d61696c2e636f6d223b757365725f706f736974696f6e7c733a32333a224172636869746563747572616c20496e73706563746f72223b69735f6c6f676765645f696e7c623a313b),
('9bddfa02487cac26fdfc8689e4d2dd5f0ed2b28a', '::1', 1456554449, 0x5f5f63695f6c6173745f726567656e65726174657c693a313435363535343232373b757365725f69647c733a333a22353138223b757365725f757365726e616d657c733a373a2272696368617264223b757365725f66697273746e616d657c733a373a2252696368617264223b757365725f6c6173746e616d657c733a373a2245737472616461223b757365725f656d61696c7c733a31373a226573747261646140676d61696c2e636f6d223b757365725f706f736974696f6e7c733a31333a2241646d696e6973747261746f72223b69735f6c6f676765645f696e7c623a313b),
('9d4a7ec6dfb36f9a713bb07c33fecc5585e6c4c9', '192.168.8.100', 1456543349, 0x5f5f63695f6c6173745f726567656e65726174657c693a313435363534333334383b757365725f69647c733a333a22353533223b757365725f757365726e616d657c733a353a226a6f686e73223b757365725f66697273746e616d657c733a343a224a6f686e223b757365725f6c6173746e616d657c733a333a22446f65223b757365725f656d61696c7c733a31333a22646f6540676d61696c2e636f6d223b757365725f706f736974696f6e7c733a32333a224172636869746563747572616c20496e73706563746f72223b69735f6c6f676765645f696e7c623a313b),
('a193c4eeb494fe4e24c209ac1e7dbd47a81950a1', '192.168.8.103', 1456567327, 0x5f5f63695f6c6173745f726567656e65726174657c693a313435363536373234323b757365725f69647c733a333a22353535223b757365725f757365726e616d657c733a353a226a616e6573223b757365725f66697273746e616d657c733a363a2253616e746f73223b757365725f6c6173746e616d657c733a343a224a616e65223b757365725f656d61696c7c733a31343a226a616e6540676d61696c2e636f6d223b757365725f706f736974696f6e7c733a32333a224172636869746563747572616c20496e73706563746f72223b69735f6c6f676765645f696e7c623a313b),
('ad4e1a25f6ef22647c6cdb6d7a7d9381b6b182fe', '192.168.8.102', 1456564272, 0x5f5f63695f6c6173745f726567656e65726174657c693a313435363536343237323b757365725f69647c733a333a22353535223b757365725f757365726e616d657c733a353a226a616e6573223b757365725f66697273746e616d657c733a363a2253616e746f73223b757365725f6c6173746e616d657c733a343a224a616e65223b757365725f656d61696c7c733a31343a226a616e6540676d61696c2e636f6d223b757365725f706f736974696f6e7c733a32333a224172636869746563747572616c20496e73706563746f72223b69735f6c6f676765645f696e7c623a313b),
('b40a85d1f37009160f669ec05bcb8450be046c34', '::1', 1456566126, 0x5f5f63695f6c6173745f726567656e65726174657c693a313435363536363032343b757365725f69647c733a333a22353138223b757365725f757365726e616d657c733a373a2272696368617264223b757365725f66697273746e616d657c733a373a2252696368617264223b757365725f6c6173746e616d657c733a373a2245737472616461223b757365725f656d61696c7c733a31373a226573747261646140676d61696c2e636f6d223b757365725f706f736974696f6e7c733a31333a2241646d696e6973747261746f72223b69735f6c6f676765645f696e7c623a313b),
('bd80451b8e2d78e51702fed735c180698c10cda0', '192.168.8.102', 1456554690, 0x5f5f63695f6c6173745f726567656e65726174657c693a313435363535343638333b757365725f69647c733a333a22353139223b757365725f757365726e616d657c733a353a226a616d6573223b757365725f66697273746e616d657c733a363a2252616e69646f223b757365725f6c6173746e616d657c733a353a224a616d6573223b757365725f656d61696c7c733a31353a226a616d657340676d61696c2e636f6d223b757365725f706f736974696f6e7c733a32313a22456c656374726f6e69637320496e73706563746f72223b69735f6c6f676765645f696e7c623a313b),
('c9ebc0c0be936c6eaf19fcda9492fd633d97b5eb', '192.168.8.102', 1456564800, 0x5f5f63695f6c6173745f726567656e65726174657c693a313435363536343738393b757365725f69647c733a333a22353535223b757365725f757365726e616d657c733a353a226a616e6573223b757365725f66697273746e616d657c733a363a2253616e746f73223b757365725f6c6173746e616d657c733a343a224a616e65223b757365725f656d61696c7c733a31343a226a616e6540676d61696c2e636f6d223b757365725f706f736974696f6e7c733a32333a224172636869746563747572616c20496e73706563746f72223b69735f6c6f676765645f696e7c623a313b),
('db89ceb064fb4d2bec9521a9345d80a865f889a4', '192.168.8.103', 1456565181, 0x5f5f63695f6c6173745f726567656e65726174657c693a313435363536353138313b757365725f69647c733a333a22353535223b757365725f757365726e616d657c733a353a226a616e6573223b757365725f66697273746e616d657c733a363a2253616e746f73223b757365725f6c6173746e616d657c733a343a224a616e65223b757365725f656d61696c7c733a31343a226a616e6540676d61696c2e636f6d223b757365725f706f736974696f6e7c733a32333a224172636869746563747572616c20496e73706563746f72223b69735f6c6f676765645f696e7c623a313b),
('dbb7f8a5f2fad1f27e8659af850e96baf0a69bb3', '::1', 1456555843, 0x5f5f63695f6c6173745f726567656e65726174657c693a313435363535353533343b757365725f69647c733a333a22353138223b757365725f757365726e616d657c733a373a2272696368617264223b757365725f66697273746e616d657c733a373a2252696368617264223b757365725f6c6173746e616d657c733a373a2245737472616461223b757365725f656d61696c7c733a31373a226573747261646140676d61696c2e636f6d223b757365725f706f736974696f6e7c733a31333a2241646d696e6973747261746f72223b69735f6c6f676765645f696e7c623a313b),
('dcfcfc515c4084a3531873ec69785e8120e3b351', '192.168.8.100', 1456555700, 0x5f5f63695f6c6173745f726567656e65726174657c693a313435363535353730303b757365725f69647c733a333a22353534223b757365725f757365726e616d657c733a373a2273616d706c6573223b757365725f66697273746e616d657c733a373a2253616d706c6573223b757365725f6c6173746e616d657c733a373a2253616d706c6573223b757365725f656d61696c7c733a31363a2273616d706c6540676d61696c2e636f6d223b757365725f706f736974696f6e7c733a32303a224d656368616e6963616c20496e73706563746f72223b69735f6c6f676765645f696e7c623a313b),
('e0a18302c12fd88fd73dcf8c1d486b8f086433bc', '192.168.8.104', 1456565951, 0x5f5f63695f6c6173745f726567656e65726174657c693a313435363536353731303b757365725f69647c733a333a22353139223b757365725f757365726e616d657c733a353a226a616d6573223b757365725f66697273746e616d657c733a363a2252616e69646f223b757365725f6c6173746e616d657c733a353a224a616d6573223b757365725f656d61696c7c733a31353a226a616d657340676d61696c2e636f6d223b757365725f706f736974696f6e7c733a32313a22456c656374726f6e69637320496e73706563746f72223b69735f6c6f676765645f696e7c623a313b),
('eba115b55928dfcd1f2a24ce20479428f792a776', '::1', 1456555889, 0x5f5f63695f6c6173745f726567656e65726174657c693a313435363535353834333b757365725f69647c733a333a22353138223b757365725f757365726e616d657c733a373a2272696368617264223b757365725f66697273746e616d657c733a373a2252696368617264223b757365725f6c6173746e616d657c733a373a2245737472616461223b757365725f656d61696c7c733a31373a226573747261646140676d61696c2e636f6d223b757365725f706f736974696f6e7c733a31333a2241646d696e6973747261746f72223b69735f6c6f676765645f696e7c623a313b),
('eebde40ce572d3aa281f2eb57da796ba22fa745e', '::1', 1456564396, 0x5f5f63695f6c6173745f726567656e65726174657c693a313435363536343132373b757365725f69647c733a333a22353138223b757365725f757365726e616d657c733a373a2272696368617264223b757365725f66697273746e616d657c733a373a2252696368617264223b757365725f6c6173746e616d657c733a373a2245737472616461223b757365725f656d61696c7c733a31373a226573747261646140676d61696c2e636f6d223b757365725f706f736974696f6e7c733a31333a2241646d696e6973747261746f72223b69735f6c6f676765645f696e7c623a313b),
('f66863446dc7f9d8e3a674e6ffe790d50624dccb', '::1', 1456567481, 0x5f5f63695f6c6173745f726567656e65726174657c693a313435363536373337313b757365725f69647c733a333a22353138223b757365725f757365726e616d657c733a373a2272696368617264223b757365725f66697273746e616d657c733a373a2252696368617264223b757365725f6c6173746e616d657c733a373a2245737472616461223b757365725f656d61696c7c733a31373a226573747261646140676d61696c2e636f6d223b757365725f706f736974696f6e7c733a31333a2241646d696e6973747261746f72223b69735f6c6f676765645f696e7c623a313b),
('fb091cc4bfb566b1f38bc0b4083b9dd4244f5b63', '::1', 1456578297, 0x5f5f63695f6c6173745f726567656e65726174657c693a313435363537383235333b757365725f69647c733a333a22353138223b757365725f757365726e616d657c733a373a2272696368617264223b757365725f66697273746e616d657c733a373a2252696368617264223b757365725f6c6173746e616d657c733a373a2245737472616461223b757365725f656d61696c7c733a31373a226573747261646140676d61696c2e636f6d223b757365725f706f736974696f6e7c733a31333a2241646d696e6973747261746f72223b69735f6c6f676765645f696e7c623a313b);

-- --------------------------------------------------------

--
-- Table structure for table `tbl_architectural`
--

CREATE TABLE IF NOT EXISTS `tbl_architectural` (
  `archi_inspection_id` bigint(20) NOT NULL AUTO_INCREMENT,
  `least_floor_to_celling` varchar(25) NOT NULL,
  `estimated_ventilation` varchar(25) NOT NULL,
  PRIMARY KEY (`archi_inspection_id`),
  KEY `inspection_id` (`archi_inspection_id`)
) ENGINE=InnoDB  DEFAULT CHARSET=latin1 AUTO_INCREMENT=95 ;

--
-- Dumping data for table `tbl_architectural`
--

INSERT INTO `tbl_architectural` (`archi_inspection_id`, `least_floor_to_celling`, `estimated_ventilation`) VALUES
(85, '124', '21'),
(94, '25', '20');

-- --------------------------------------------------------

--
-- Table structure for table `tbl_assigned`
--

CREATE TABLE IF NOT EXISTS `tbl_assigned` (
  `assigned_id` bigint(20) NOT NULL AUTO_INCREMENT,
  `building_permit_number_link` bigint(20) NOT NULL,
  `user_id_link` bigint(20) NOT NULL,
  `purpose` varchar(255) NOT NULL,
  PRIMARY KEY (`assigned_id`),
  KEY `building_permit_number_link_2` (`building_permit_number_link`),
  KEY `user_id_link` (`user_id_link`)
) ENGINE=InnoDB  DEFAULT CHARSET=latin1 AUTO_INCREMENT=123 ;

--
-- Dumping data for table `tbl_assigned`
--

INSERT INTO `tbl_assigned` (`assigned_id`, `building_permit_number_link`, `user_id_link`, `purpose`) VALUES
(95, 36, 519, 'Occupancy'),
(98, 36, 536, 'Occupancy'),
(100, 36, 533, 'Occupancy'),
(101, 36, 546, 'Occupancy'),
(103, 36, 534, 'Occupancy'),
(104, 36, 550, 'Occupancy'),
(105, 30, 545, 'Occupancy'),
(106, 36, 551, 'Occupancy'),
(107, 29, 552, 'Occupancy'),
(108, 31, 538, 'Occupancy'),
(109, 33, 519, 'Occupancy'),
(110, 31, 554, 'Occupancy'),
(111, 29, 519, 'Occupancy'),
(112, 29, 534, 'Occupancy'),
(113, 29, 544, 'Occupancy'),
(114, 29, 536, 'Occupancy'),
(115, 35, 555, 'Occupancy'),
(117, 35, 519, 'Occupancy'),
(119, 35, 536, 'Occupancy'),
(120, 35, 546, 'Occupancy'),
(121, 35, 534, 'Occupancy'),
(122, 35, 550, 'Occupancy');

-- --------------------------------------------------------

--
-- Table structure for table `tbl_assigned_annual`
--

CREATE TABLE IF NOT EXISTS `tbl_assigned_annual` (
  `assigned_annual_id` bigint(20) NOT NULL AUTO_INCREMENT,
  `assigned_annual_occupancy_id_link` bigint(20) NOT NULL,
  `assigned_annual_user_id_link` bigint(20) NOT NULL,
  PRIMARY KEY (`assigned_annual_id`),
  KEY `assigned_annual_occupancy_id_link` (`assigned_annual_occupancy_id_link`),
  KEY `assigned_annual_user_id_link` (`assigned_annual_user_id_link`)
) ENGINE=InnoDB DEFAULT CHARSET=latin1 AUTO_INCREMENT=1 ;

-- --------------------------------------------------------

--
-- Table structure for table `tbl_building_permit`
--

CREATE TABLE IF NOT EXISTS `tbl_building_permit` (
  `building_permit_number` bigint(20) NOT NULL AUTO_INCREMENT,
  `customer_id_link` bigint(20) NOT NULL,
  PRIMARY KEY (`building_permit_number`),
  KEY `customer_id_link` (`customer_id_link`),
  KEY `customer_id_link_2` (`customer_id_link`)
) ENGINE=InnoDB DEFAULT CHARSET=latin1 AUTO_INCREMENT=1 ;

-- --------------------------------------------------------

--
-- Table structure for table `tbl_customer`
--

CREATE TABLE IF NOT EXISTS `tbl_customer` (
  `customer_id` bigint(20) NOT NULL AUTO_INCREMENT,
  `building_permit_number` bigint(20) NOT NULL,
  `customer_lastname` varchar(25) NOT NULL,
  `customer_firstname` varchar(25) NOT NULL,
  `customer_middlename` varchar(25) NOT NULL,
  `customer_tin_no` bigint(20) NOT NULL,
  `customer_form_of_ownership` varchar(100) NOT NULL,
  `customer_address_no` varchar(100) NOT NULL,
  `customer_address_street` varchar(255) NOT NULL,
  `customer_address_barangay` varchar(255) NOT NULL,
  `customer_address_city_or_municipality` varchar(255) NOT NULL,
  `customer_tel_no` bigint(20) NOT NULL,
  `customer_location_address_no` varchar(100) NOT NULL,
  `customer_location_address_street` varchar(255) NOT NULL,
  `customer_location_address_barangay` varchar(255) NOT NULL,
  `customer_location_address_city_or_municipality` varchar(255) NOT NULL,
  `occupancy_type_description` varchar(255) NOT NULL,
  PRIMARY KEY (`customer_id`),
  UNIQUE KEY `building_permit_number` (`building_permit_number`)
) ENGINE=InnoDB  DEFAULT CHARSET=latin1 AUTO_INCREMENT=122 ;

--
-- Dumping data for table `tbl_customer`
--

INSERT INTO `tbl_customer` (`customer_id`, `building_permit_number`, `customer_lastname`, `customer_firstname`, `customer_middlename`, `customer_tin_no`, `customer_form_of_ownership`, `customer_address_no`, `customer_address_street`, `customer_address_barangay`, `customer_address_city_or_municipality`, `customer_tel_no`, `customer_location_address_no`, `customer_location_address_street`, `customer_location_address_barangay`, `customer_location_address_city_or_municipality`, `occupancy_type_description`) VALUES
(116, 36, 'Trocio', 'Roger', 'Valenzona', 6854, 'Single', '238', 'Don Apolinar St.', 'Barangay 31', 'Cagayan de Oro City', 9268663645, '361', 'Yacapin St.', 'Barangay 30', 'Cagayan de Oro City', 'Business and Mercantile'),
(117, 30, 'Edrote', 'Sarah', 'Jane', 2132323, 'Single', '21', 'Tabs', 'Tablon', 'Cagayan de Oro City', 3023494343, '32', 'Tabs', 'Tablon', 'Cagayan de Oro  City\r\n', 'Residential Dwelling'),
(118, 29, 'Dulay', 'Jocelyn', 'Caneos', 9744, 'Double', '168', 'Grapes St.', 'Bulua', 'Cagayan de Oro City', 9169149834, '467', 'Capistrano St.', 'Barangay 29', 'Cagayan de Oro City', 'Residential Dwelling'),
(119, 31, 'Dulay', 'Jocelyn', 'Caneos', 9744, 'Double', '168', 'Grapes St.', 'Bulua', 'Cagayan de Oro City', 9169149834, '467', 'Capistrano St.', 'Barangay 29', 'Cagayan de Oro City', 'Residential, Hotel, Apartment'),
(120, 33, 'Edrote', 'Sarah', 'Jane', 2132323, 'Single', '21', 'Tabs', 'Tablon', 'Cagayan de Oro City', 3023494343, '32', 'Tabs', 'Tablon', 'Cagayan de Oro  City\r\n', 'Institutional'),
(121, 35, 'Dulay', 'Jocelyn', 'Caneos', 9744, 'Double', '168', 'Grapes St.', 'Bulua', 'Cagayan de Oro City', 9169149834, '467', 'Capistrano St.', 'Barangay 29', 'Cagayan de Oro City', 'Accessory');

-- --------------------------------------------------------

--
-- Table structure for table `tbl_electrical`
--

CREATE TABLE IF NOT EXISTS `tbl_electrical` (
  `electrical_inspection_id` bigint(20) NOT NULL AUTO_INCREMENT,
  `number_of_light_outlet` bigint(20) NOT NULL,
  `number_of_convenience_outlet` bigint(20) NOT NULL,
  `number_of_aircon_outlet` bigint(20) NOT NULL,
  `number_of_cooking_unit_outlet` bigint(20) NOT NULL,
  `number_of_water_heater_outlet` bigint(20) NOT NULL,
  `number_of_water_pump_outlet` bigint(20) NOT NULL,
  `number_of_toggle_switch` bigint(20) NOT NULL,
  `number_of_bells_or_buzzers` bigint(20) NOT NULL,
  `number_of_push_buttons` bigint(20) NOT NULL,
  `number_of_fa_detectors` bigint(20) NOT NULL,
  PRIMARY KEY (`electrical_inspection_id`),
  KEY `inspection_id` (`electrical_inspection_id`)
) ENGINE=InnoDB  DEFAULT CHARSET=utf8 AUTO_INCREMENT=89 ;

--
-- Dumping data for table `tbl_electrical`
--

INSERT INTO `tbl_electrical` (`electrical_inspection_id`, `number_of_light_outlet`, `number_of_convenience_outlet`, `number_of_aircon_outlet`, `number_of_cooking_unit_outlet`, `number_of_water_heater_outlet`, `number_of_water_pump_outlet`, `number_of_toggle_switch`, `number_of_bells_or_buzzers`, `number_of_push_buttons`, `number_of_fa_detectors`) VALUES
(88, 2, 3, 2, 2, 2, 2, 2, 2, 2, 2);

-- --------------------------------------------------------

--
-- Table structure for table `tbl_electronics`
--

CREATE TABLE IF NOT EXISTS `tbl_electronics` (
  `electronics_inspection_id` bigint(20) NOT NULL AUTO_INCREMENT,
  `installation_operation_description` varchar(255) NOT NULL,
  PRIMARY KEY (`electronics_inspection_id`),
  KEY `inspection_id` (`electronics_inspection_id`)
) ENGINE=InnoDB  DEFAULT CHARSET=latin1 AUTO_INCREMENT=94 ;

--
-- Dumping data for table `tbl_electronics`
--

INSERT INTO `tbl_electronics` (`electronics_inspection_id`, `installation_operation_description`) VALUES
(83, 'Building Automation System, Electronics Control and Conveyor System, Sound System, Centralized Clock System, Sound Communication System, Electronics Fire Alarm, Security and Alarm, Information Technology System, Television System, Broadcasting System, Tel'),
(91, 'Building Automation System, Electronics Control and Conveyor System, Sound System, Centralized Clock System, Sound Communication System, Electronics Fire Alarm, Security and Alarm, Information Technology System, Television System, Broadcasting System, Tel'),
(93, 'Building Automation System, Electronics Control and Conveyor System, Sound System, Centralized Clock System, Sound Communication System, Electronics Fire Alarm, Security and Alarm, Information Technology System, Television System, Broadcasting System, Tel');

-- --------------------------------------------------------

--
-- Table structure for table `tbl_inspection`
--

CREATE TABLE IF NOT EXISTS `tbl_inspection` (
  `inspection_id` bigint(20) NOT NULL AUTO_INCREMENT,
  `assigned_id_link` bigint(20) NOT NULL,
  `inspection_type` varchar(255) NOT NULL,
  `scope_of_work` varchar(25) NOT NULL,
  `remarks` varchar(25) NOT NULL,
  `feedbacks` text NOT NULL,
  `payment` double NOT NULL,
  `datetime` datetime NOT NULL DEFAULT CURRENT_TIMESTAMP,
  `others` text NOT NULL,
  PRIMARY KEY (`inspection_id`),
  KEY `building_permit_number_link` (`assigned_id_link`,`inspection_type`),
  KEY `assigned_id_link` (`assigned_id_link`),
  KEY `inspection_type_id_link` (`inspection_type`)
) ENGINE=InnoDB  DEFAULT CHARSET=latin1 AUTO_INCREMENT=95 ;

--
-- Dumping data for table `tbl_inspection`
--

INSERT INTO `tbl_inspection` (`inspection_id`, `assigned_id_link`, `inspection_type`, `scope_of_work`, `remarks`, `feedbacks`, `payment`, `datetime`, `others`) VALUES
(83, 95, 'Electronics Inspection', 'Occupancy Inspection', 'Passed', 'none', 41546.87, '2016-02-27 08:49:10', 'none'),
(84, 98, 'Plumbing or Sanitary Inspection', 'Occupancy Inspection', 'Passed', 'Okay', 485.55, '2016-02-27 08:51:53', 'none'),
(85, 100, 'Architectural Inspection', 'Occupancy Inspection', 'Passed', 'Ok', 12.55, '2016-02-27 08:57:27', 'none'),
(86, 104, 'Structural Inspection', 'Occupancy Inspection', 'Passed', 'Ok', 12.45, '2016-02-27 08:59:26', 'none'),
(87, 101, 'Mechanical Inspection', 'Occupancy Inspection', 'Passed', 'Ok', 245.1, '2016-02-27 09:00:44', 'none'),
(88, 103, 'Electrical Inspection', 'Occupancy Inspection', 'Passed', 'Ok', 21.4, '2016-02-27 09:02:40', 'none'),
(89, 106, 'Roof Inspector', 'Occupancy Inspection', 'Passed', 'Okay', 12, '2016-02-27 09:21:31', 'none'),
(90, 107, 'roof', 'Occupancy Inspection', 'Passed', 'Okay', 23564, '2016-02-27 10:56:53', 'none'),
(91, 109, 'Electronics Inspection', 'Occupancy Inspection', 'Passed', 'Okay.', 1000000, '2016-02-27 14:25:54', 'none'),
(92, 110, 'Mechanical Inspection', 'Occupancy Inspection', 'Passed', 'ok', 43.3, '2016-02-27 14:49:23', 'none'),
(93, 117, 'Electronics Inspection', 'Occupancy Inspection', 'Passed', 'Ok kaayo', 123.89, '2016-02-27 17:39:11', 'bongalo'),
(94, 115, 'Architectural Inspection', 'Occupancy Inspection', 'Passed', 'Ass', 1204, '2016-02-27 17:40:10', 'na');

-- --------------------------------------------------------

--
-- Table structure for table `tbl_inspection_type`
--

CREATE TABLE IF NOT EXISTS `tbl_inspection_type` (
  `inspection_type_description` varchar(255) NOT NULL,
  PRIMARY KEY (`inspection_type_description`),
  UNIQUE KEY `inspection_type_description` (`inspection_type_description`)
) ENGINE=InnoDB DEFAULT CHARSET=latin1;

--
-- Dumping data for table `tbl_inspection_type`
--

INSERT INTO `tbl_inspection_type` (`inspection_type_description`) VALUES
('Architectural Inspector'),
('Electrical Inspector'),
('Electronics Inspector'),
('Mechanical Inspector'),
('new inspection'),
('Plumbing / Sanitary Inspector'),
('rwerw'),
('SAmple Inspection'),
('Structural Inspector');

-- --------------------------------------------------------

--
-- Table structure for table `tbl_mechanical`
--

CREATE TABLE IF NOT EXISTS `tbl_mechanical` (
  `mechanical_inspection_id` bigint(20) NOT NULL AUTO_INCREMENT,
  `mechanical_installation_operation_description` varchar(255) NOT NULL,
  PRIMARY KEY (`mechanical_inspection_id`),
  KEY `inspection_id` (`mechanical_inspection_id`)
) ENGINE=InnoDB  DEFAULT CHARSET=latin1 AUTO_INCREMENT=93 ;

--
-- Dumping data for table `tbl_mechanical`
--

INSERT INTO `tbl_mechanical` (`mechanical_inspection_id`, `mechanical_installation_operation_description`) VALUES
(87, 'Funicular, Pneumatic Tubes, Compressed Air, Vacuum or Industrial Gas, Pumps, Dumb Waiter, Cable Car, Passenger Elevator, Freight Elevator, Moving Sidewalk, Escalator, Mechanical Ventilation, Central Airconditioning, Package or Split Type Airconditioning, '),
(92, 'Funicular, Pneumatic Tubes, Compressed Air, Vacuum or Industrial Gas, Pumps, Dumb Waiter, Cable Car, Passenger Elevator, Freight Elevator, Moving Sidewalk, Escalator, Mechanical Ventilation, Central Airconditioning, Package or Split Type Airconditioning, ');

-- --------------------------------------------------------

--
-- Table structure for table `tbl_occupancy`
--

CREATE TABLE IF NOT EXISTS `tbl_occupancy` (
  `occupancy_number` bigint(20) NOT NULL AUTO_INCREMENT,
  `building_permit_number_link` bigint(20) NOT NULL,
  `date_approved` timestamp NOT NULL DEFAULT CURRENT_TIMESTAMP,
  PRIMARY KEY (`occupancy_number`),
  KEY `building_permit_number_link` (`building_permit_number_link`)
) ENGINE=InnoDB  DEFAULT CHARSET=latin1 AUTO_INCREMENT=9 ;

--
-- Dumping data for table `tbl_occupancy`
--

INSERT INTO `tbl_occupancy` (`occupancy_number`, `building_permit_number_link`, `date_approved`) VALUES
(6, 36, '2016-02-27 01:14:11'),
(7, 29, '2016-02-27 02:57:38'),
(8, 35, '2016-02-27 09:49:03');

-- --------------------------------------------------------

--
-- Table structure for table `tbl_others`
--

CREATE TABLE IF NOT EXISTS `tbl_others` (
  `others_inspection_id` bigint(20) NOT NULL,
  KEY `others_inspection_id` (`others_inspection_id`)
) ENGINE=InnoDB DEFAULT CHARSET=latin1;

--
-- Dumping data for table `tbl_others`
--

INSERT INTO `tbl_others` (`others_inspection_id`) VALUES
(89),
(90);

-- --------------------------------------------------------

--
-- Table structure for table `tbl_plumbing_or_sanitary`
--

CREATE TABLE IF NOT EXISTS `tbl_plumbing_or_sanitary` (
  `plumbing_inspection_id` bigint(20) NOT NULL AUTO_INCREMENT,
  `fixtures_to_be_installed` varchar(255) NOT NULL,
  `status` varchar(255) NOT NULL,
  `quantity` bigint(20) NOT NULL,
  `water_supply` varchar(255) NOT NULL,
  `system_of_disposal` varchar(255) NOT NULL,
  `number_of_stories` varchar(255) NOT NULL,
  `date_installed` date NOT NULL,
  `date_completion` date NOT NULL,
  `total_area` varchar(255) NOT NULL,
  PRIMARY KEY (`plumbing_inspection_id`),
  KEY `inspection_id` (`plumbing_inspection_id`)
) ENGINE=InnoDB  DEFAULT CHARSET=latin1 AUTO_INCREMENT=85 ;

--
-- Dumping data for table `tbl_plumbing_or_sanitary`
--

INSERT INTO `tbl_plumbing_or_sanitary` (`plumbing_inspection_id`, `fixtures_to_be_installed`, `status`, `quantity`, `water_supply`, `system_of_disposal`, `number_of_stories`, `date_installed`, `date_completion`, `total_area`) VALUES
(84, 'roof', 'new', 1, 'cowd', 'sample', '1', '2015-12-26', '2016-03-27', '1233x3223');

-- --------------------------------------------------------

--
-- Table structure for table `tbl_positions`
--

CREATE TABLE IF NOT EXISTS `tbl_positions` (
  `position_description` varchar(255) NOT NULL,
  PRIMARY KEY (`position_description`)
) ENGINE=InnoDB DEFAULT CHARSET=latin1;

--
-- Dumping data for table `tbl_positions`
--

INSERT INTO `tbl_positions` (`position_description`) VALUES
('abc'),
('Administrator'),
('Architectural Inspector'),
('Architectural Officer'),
('Electrical Inspector'),
('Electronics Inspector'),
('Mechanical Inspector'),
('Roof  Inpector'),
('Sanitary or Plumbing Inspector'),
('Structural Inspector');

-- --------------------------------------------------------

--
-- Table structure for table `tbl_structural`
--

CREATE TABLE IF NOT EXISTS `tbl_structural` (
  `structural_inspection_id` bigint(20) NOT NULL AUTO_INCREMENT,
  `footing_size` varchar(25) NOT NULL,
  `column_size` varchar(25) NOT NULL,
  `main_rebars_size` varchar(25) NOT NULL,
  `front_seatback` varchar(100) NOT NULL,
  `left_side_seatback` varchar(100) NOT NULL,
  `right_side_seatback` varchar(100) NOT NULL,
  `rear_seatback` varchar(100) NOT NULL,
  PRIMARY KEY (`structural_inspection_id`)
) ENGINE=InnoDB  DEFAULT CHARSET=latin1 AUTO_INCREMENT=87 ;

--
-- Dumping data for table `tbl_structural`
--

INSERT INTO `tbl_structural` (`structural_inspection_id`, `footing_size`, `column_size`, `main_rebars_size`, `front_seatback`, `left_side_seatback`, `right_side_seatback`, `rear_seatback`) VALUES
(86, '53', '63', '6', '52', '5', '6', '6');

-- --------------------------------------------------------

--
-- Table structure for table `tbl_users`
--

CREATE TABLE IF NOT EXISTS `tbl_users` (
  `user_id` bigint(20) NOT NULL AUTO_INCREMENT,
  `user_position_link` varchar(50) NOT NULL,
  `user_username` varchar(25) NOT NULL,
  `user_lastname` varchar(25) NOT NULL,
  `user_firstname` varchar(25) NOT NULL,
  `user_middlename` varchar(25) NOT NULL,
  `user_gender` varchar(10) NOT NULL,
  `user_email` varchar(100) NOT NULL,
  `user_password` varchar(64) NOT NULL,
  PRIMARY KEY (`user_id`),
  UNIQUE KEY `user_username` (`user_username`),
  KEY `user_position_id_link` (`user_position_link`),
  KEY `user_position_id_link_2` (`user_position_link`),
  KEY `user_position_id_link_3` (`user_position_link`),
  KEY `user_position_link` (`user_position_link`),
  KEY `user_position_link_2` (`user_position_link`)
) ENGINE=InnoDB  DEFAULT CHARSET=latin1 AUTO_INCREMENT=556 ;

--
-- Dumping data for table `tbl_users`
--

INSERT INTO `tbl_users` (`user_id`, `user_position_link`, `user_username`, `user_lastname`, `user_firstname`, `user_middlename`, `user_gender`, `user_email`, `user_password`) VALUES
(518, 'Administrator', 'richard', 'Estrada', 'Richard', 'Sina', 'Male', 'estrada@gmail.com', 'sha256:999:mncC/68yxCF0B/D8FlEioxQu:MB6FvLWTo7Cg6uymFBAlJ7/F'),
(519, 'Electronics Inspector', 'james', 'James', 'Ranido', 'Lee', 'Male', 'james@gmail.com', 'sha256:999:Nm6GqE9SkniiotIKPI3z9ioG:bjHOoHh5/OnBuRGmPa8l9kRL'),
(533, 'Architectural Inspector', 'ketx', 'Ketx', 'Hazel', 'Ibanez', 'Male', 'gdfgd@gmail.com', 'sha256:999:oWNAzRMQITUH10ns/l+vL61Q:LQ5h+l9+DxyLMqCD+3kznmh8'),
(534, 'Electrical Inspector', 'caroline', 'Caroline', 'Paraiso', 'Vega', 'Female', 'lulen@gmail.com', 'sha256:999:muI4W2clP11mWoIhEiXucUnz:PAuFqzNPXkGBFFOXdD/xWyPu'),
(536, 'Sanitary or Plumbing Inspector', 'rich', 'Maelou', 'Mainit', 'Bugnaw', 'Male', 'dasda@gmail.com', 'sha256:999:xvb6L1dCEMGACJ5FqYrNtppe:UEn9/A4x8evw7GuZd5jEMSeK'),
(537, 'Mechanical Inspector', 'lulen', 'Paraiso', 'Caroline', 'Ssdf', 'Female', 'ldlen@gmail.com', 'sha256:999:g5qj/mE+/LDoMkNzXC6JMWWF:iQlKwCwqcjYyQ+sLxe+Lov/b'),
(538, 'Architectural Inspector', 'john', 'Doe', 'John', 'Dss', 'Male', 'john@gmail.com', 'sha256:999:Srff1o6OMHedLTm4uxrMq9Ld:ux1Al2+u8ZyB4Ks0DEWzWU2N'),
(539, 'Administrator', 'jame', 'Ranido', 'James', 'Leee', 'Male', 'jameds@gmail.com', 'sha256:999:ip4tdjT/UFbPAvzO04UeGDCu:UtzvmaPkFWT/nKb91X8Y59RU'),
(544, 'Mechanical Inspector', 'jane', 'Paraiso', 'Caroline', 'Virador', 'Female', 'dadf@gmail.com', 'sha256:999:VMxL4Y7v23a5cOSYXpse4eK7:DfqxH+Yns8nWZ6zZhs7RPjIQ'),
(545, 'Electrical Inspector', 'luiben', 'Magto', 'Luiben', 'Neri', 'Male', 'luiben@gmail.com', 'sha256:999:mbgHv4MDr/Vb8fvoYAM0Cwhi:/YOel4rIhlo39sGvRd+40n1T'),
(546, 'Mechanical Inspector', 'bertilo', 'Lim', 'Bertilo', 'Vallente', 'Male', 'bertilo@gmail.com', 'sha256:999:zChTx3uu0oLgizP7EuFRDbnu:sLDSW9JGnLih26/VctLIshv4'),
(547, 'Architectural Officer', 'toto john', 'Tan', 'John', 'Lim', 'Male', 'john2362003@yahoo.com', 'sha256:999:lySYgu3MgNNcP6jFjm372xB1:d3qW5FaGvIDK624+9YnXTOjH'),
(548, 'Sanitary or Plumbing Inspector', 'osang', 'Rodriguez', 'MaRosanna', 'Daga', 'Female', 'rodriguezmarosanna@gmail.com', 'sha256:999:ZzEpbPrqqVOUCRUAGE6Bn01l:fN2YJenH/jZrCkxgZ6X88221'),
(550, 'Structural Inspector', 'richards', 'Estrada', 'Richard', 'Sinagod', 'Male', 'richard@gmail.com', 'sha256:999:ARtGj/zzSvoBkAghEvqF+k3Z:oaKLq+CFWQJBGSzYa483GYDa'),
(551, 'Roof  Inpector', 'roof', 'Roof', 'Roof', 'Roof', 'Female', 'roof@gmail.com', 'sha256:999:r1o64+bfmokTKRz0MS2aXNG0:/f/uyhTPUA9ymzlTWuEzKCeI'),
(552, 'Roof  Inpector', 'maehotness', 'Mainit', 'Maelou', 'Ratunil', 'Female', 'maehot213@gmail.com', 'sha256:999:Ne69yEp/3zC7o4JzbQ6ebjJW:kyeCMQU1Bxz9cl8uojhVOTHC'),
(553, 'Architectural Inspector', 'johns', 'Doe', 'John', 'Sample', 'Male', 'doe@gmail.com', 'sha256:999:zRypGyhI8300NfemC6Ph2o1t:Z+qKKa/0sR+ldh94860cRYoF'),
(554, 'Mechanical Inspector', 'samples', 'Samples', 'Samples', 'Samples', 'Male', 'sample@gmail.com', 'sha256:999:L+puTd/dgQ+EIPy2bxOTcJ6Y:XQY1kMwVZkvmK3BtDlpzfMeI'),
(555, 'Architectural Inspector', 'janes', 'Jane', 'Santos', 'Samplename', 'Female', 'jane@gmail.com', 'sha256:999:Ux9AFovsqQoh/Y6N6Zozg6SU:hxElqjCbwibqkmteYe+gXYbs');

-- --------------------------------------------------------

--
-- Stand-in structure for view `total_occupancy_payment_view`
--
CREATE TABLE IF NOT EXISTS `total_occupancy_payment_view` (
`customer_id` bigint(20)
,`building_permit_number` bigint(20)
,`customer_lastname` varchar(25)
,`customer_firstname` varchar(25)
,`customer_middlename` varchar(25)
,`customer_tin_no` bigint(20)
,`customer_form_of_ownership` varchar(100)
,`customer_address_no` varchar(100)
,`customer_address_street` varchar(255)
,`customer_address_barangay` varchar(255)
,`customer_address_city_or_municipality` varchar(255)
,`customer_tel_no` bigint(20)
,`customer_location_address_no` varchar(100)
,`customer_location_address_street` varchar(255)
,`customer_location_address_barangay` varchar(255)
,`customer_location_address_city_or_municipality` varchar(255)
,`occupancy_type_description` varchar(255)
,`inspection_id` bigint(20)
,`assigned_id_link` bigint(20)
,`inspection_type` varchar(255)
,`scope_of_work` varchar(25)
,`remarks` varchar(25)
,`feedbacks` text
,`payment` double
,`datetime` datetime
,`others` text
,`assigned_id` bigint(20)
,`building_permit_number_link` bigint(20)
,`user_id_link` bigint(20)
,`total_payment` double(19,2)
);
-- --------------------------------------------------------

--
-- Stand-in structure for view `user_count_view`
--
CREATE TABLE IF NOT EXISTS `user_count_view` (
`number_of_users` bigint(21)
);
-- --------------------------------------------------------

--
-- Structure for view `total_occupancy_payment_view`
--
DROP TABLE IF EXISTS `total_occupancy_payment_view`;

CREATE ALGORITHM=UNDEFINED DEFINER=`root`@`localhost` SQL SECURITY DEFINER VIEW `total_occupancy_payment_view` AS select `tbl_customer`.`customer_id` AS `customer_id`,`tbl_customer`.`building_permit_number` AS `building_permit_number`,`tbl_customer`.`customer_lastname` AS `customer_lastname`,`tbl_customer`.`customer_firstname` AS `customer_firstname`,`tbl_customer`.`customer_middlename` AS `customer_middlename`,`tbl_customer`.`customer_tin_no` AS `customer_tin_no`,`tbl_customer`.`customer_form_of_ownership` AS `customer_form_of_ownership`,`tbl_customer`.`customer_address_no` AS `customer_address_no`,`tbl_customer`.`customer_address_street` AS `customer_address_street`,`tbl_customer`.`customer_address_barangay` AS `customer_address_barangay`,`tbl_customer`.`customer_address_city_or_municipality` AS `customer_address_city_or_municipality`,`tbl_customer`.`customer_tel_no` AS `customer_tel_no`,`tbl_customer`.`customer_location_address_no` AS `customer_location_address_no`,`tbl_customer`.`customer_location_address_street` AS `customer_location_address_street`,`tbl_customer`.`customer_location_address_barangay` AS `customer_location_address_barangay`,`tbl_customer`.`customer_location_address_city_or_municipality` AS `customer_location_address_city_or_municipality`,`tbl_customer`.`occupancy_type_description` AS `occupancy_type_description`,`tbl_inspection`.`inspection_id` AS `inspection_id`,`tbl_inspection`.`assigned_id_link` AS `assigned_id_link`,`tbl_inspection`.`inspection_type` AS `inspection_type`,`tbl_inspection`.`scope_of_work` AS `scope_of_work`,`tbl_inspection`.`remarks` AS `remarks`,`tbl_inspection`.`feedbacks` AS `feedbacks`,`tbl_inspection`.`payment` AS `payment`,`tbl_inspection`.`datetime` AS `datetime`,`tbl_inspection`.`others` AS `others`,`tbl_assigned`.`assigned_id` AS `assigned_id`,`tbl_assigned`.`building_permit_number_link` AS `building_permit_number_link`,`tbl_assigned`.`user_id_link` AS `user_id_link`,round(sum(`tbl_inspection`.`payment`),2) AS `total_payment` from (`tbl_customer` join (`tbl_inspection` join `tbl_assigned` on((`tbl_inspection`.`assigned_id_link` = `tbl_assigned`.`assigned_id`))) on((`tbl_assigned`.`building_permit_number_link` = `tbl_customer`.`building_permit_number`))) where (`tbl_inspection`.`scope_of_work` = 'Occupancy Inspection') group by `tbl_customer`.`building_permit_number`;

-- --------------------------------------------------------

--
-- Structure for view `user_count_view`
--
DROP TABLE IF EXISTS `user_count_view`;

CREATE ALGORITHM=UNDEFINED DEFINER=`root`@`localhost` SQL SECURITY DEFINER VIEW `user_count_view` AS select count(0) AS `number_of_users` from `tbl_users`;

--
-- Constraints for dumped tables
--

--
-- Constraints for table `tbl_architectural`
--
ALTER TABLE `tbl_architectural`
  ADD CONSTRAINT `tbl_architectural_ibfk_1` FOREIGN KEY (`archi_inspection_id`) REFERENCES `tbl_inspection` (`inspection_id`) ON DELETE CASCADE ON UPDATE CASCADE;

--
-- Constraints for table `tbl_assigned`
--
ALTER TABLE `tbl_assigned`
  ADD CONSTRAINT `tbl_assigned_ibfk_1` FOREIGN KEY (`building_permit_number_link`) REFERENCES `tbl_customer` (`building_permit_number`) ON DELETE CASCADE ON UPDATE CASCADE,
  ADD CONSTRAINT `tbl_assigned_ibfk_2` FOREIGN KEY (`user_id_link`) REFERENCES `tbl_users` (`user_id`) ON DELETE CASCADE ON UPDATE CASCADE;

--
-- Constraints for table `tbl_assigned_annual`
--
ALTER TABLE `tbl_assigned_annual`
  ADD CONSTRAINT `tbl_assigned_annual_ibfk_1` FOREIGN KEY (`assigned_annual_occupancy_id_link`) REFERENCES `tbl_customer` (`building_permit_number`) ON DELETE CASCADE ON UPDATE CASCADE,
  ADD CONSTRAINT `tbl_assigned_annual_ibfk_2` FOREIGN KEY (`assigned_annual_user_id_link`) REFERENCES `tbl_users` (`user_id`) ON DELETE CASCADE ON UPDATE CASCADE;

--
-- Constraints for table `tbl_electrical`
--
ALTER TABLE `tbl_electrical`
  ADD CONSTRAINT `tbl_electrical_ibfk_1` FOREIGN KEY (`electrical_inspection_id`) REFERENCES `tbl_inspection` (`inspection_id`) ON DELETE CASCADE ON UPDATE CASCADE;

--
-- Constraints for table `tbl_electronics`
--
ALTER TABLE `tbl_electronics`
  ADD CONSTRAINT `tbl_electronics_ibfk_1` FOREIGN KEY (`electronics_inspection_id`) REFERENCES `tbl_inspection` (`inspection_id`) ON DELETE CASCADE ON UPDATE CASCADE;

--
-- Constraints for table `tbl_inspection`
--
ALTER TABLE `tbl_inspection`
  ADD CONSTRAINT `tbl_inspection_ibfk_2` FOREIGN KEY (`assigned_id_link`) REFERENCES `tbl_assigned` (`assigned_id`) ON DELETE CASCADE ON UPDATE CASCADE;

--
-- Constraints for table `tbl_mechanical`
--
ALTER TABLE `tbl_mechanical`
  ADD CONSTRAINT `tbl_mechanical_ibfk_1` FOREIGN KEY (`mechanical_inspection_id`) REFERENCES `tbl_inspection` (`inspection_id`) ON DELETE CASCADE ON UPDATE CASCADE;

--
-- Constraints for table `tbl_occupancy`
--
ALTER TABLE `tbl_occupancy`
  ADD CONSTRAINT `tbl_occupancy_ibfk_1` FOREIGN KEY (`building_permit_number_link`) REFERENCES `tbl_customer` (`building_permit_number`) ON DELETE CASCADE ON UPDATE CASCADE;

--
-- Constraints for table `tbl_others`
--
ALTER TABLE `tbl_others`
  ADD CONSTRAINT `tbl_others_ibfk_1` FOREIGN KEY (`others_inspection_id`) REFERENCES `tbl_inspection` (`inspection_id`) ON DELETE CASCADE ON UPDATE CASCADE;

--
-- Constraints for table `tbl_plumbing_or_sanitary`
--
ALTER TABLE `tbl_plumbing_or_sanitary`
  ADD CONSTRAINT `tbl_plumbing_or_sanitary_ibfk_1` FOREIGN KEY (`plumbing_inspection_id`) REFERENCES `tbl_inspection` (`inspection_id`) ON DELETE CASCADE ON UPDATE CASCADE;

--
-- Constraints for table `tbl_structural`
--
ALTER TABLE `tbl_structural`
  ADD CONSTRAINT `tbl_structural_ibfk_1` FOREIGN KEY (`structural_inspection_id`) REFERENCES `tbl_inspection` (`inspection_id`) ON DELETE CASCADE ON UPDATE CASCADE;

--
-- Constraints for table `tbl_users`
--
ALTER TABLE `tbl_users`
  ADD CONSTRAINT `tbl_users_ibfk_2` FOREIGN KEY (`user_position_link`) REFERENCES `tbl_positions` (`position_description`) ON DELETE CASCADE ON UPDATE CASCADE;

/*!40101 SET CHARACTER_SET_CLIENT=@OLD_CHARACTER_SET_CLIENT */;
/*!40101 SET CHARACTER_SET_RESULTS=@OLD_CHARACTER_SET_RESULTS */;
/*!40101 SET COLLATION_CONNECTION=@OLD_COLLATION_CONNECTION */;
